Item_No,Category,Subsystem,Component,Recommended_Part_Number_or_Specification,Manufacturer_or_Type,Quantity,Required_or_Optional,Purpose,Status,Notes
1,Core Sensor,Pressure Sensing,Low-range analog differential pressure sensor,ELVH-L01D-HRRD-C-NAA4 or equivalent ±1 inH2O differential analog sensor,Amphenol All Sensors,1,Required,Main differential infrasound sensing element,TBD,Target pressure range approximately ±249 Pa; verify analog output configuration and supplier availability before purchase
2,Core Sensor,Pressure Sensing,Spare differential pressure sensor,Same as main sensor,Same as main sensor,1,Recommended,Backup sensor or second pressure reference channel,TBD,Useful for redundancy and cross-correlation testing
3,Data Acquisition,ADC,24-bit ADC evaluation module,ADS131M04EVM,Texas Instruments,1,Required,Initial 24-bit ADC testing and analog front-end evaluation,TBD,Use EVM during prototype stage before custom ADC PCB
4,Data Acquisition,ADC,24-bit simultaneous ADC IC,ADS131M04IDGSR,Texas Instruments,1,Future Custom PCB,Main ADC for final custom board,TBD,Do not purchase separately if only using ADS131M04EVM initially
5,Embedded Controller,MCU Development Board,STM32H743 development board,NUCLEO-H743ZI2,STMicroelectronics,1,Required,Main controller for ADC acquisition DSP microSD logging and communication,TBD,Recommended for prototype firmware development
6,Embedded Controller,MCU,STM32H743 MCU IC,STM32H743ZIT6,STMicroelectronics,1,Future Custom PCB,Final controller IC for custom controller board,TBD,Not required during development-board stage
7,Timing,GPS,GPS receiver with PPS output,u-blox NEO-M8N or u-blox M10 module,u-blox compatible module,1,Required,UTC time synchronization and PPS timestamp input,TBD,Ensure module exposes PPS output pin
8,Timing,RTC,Temperature compensated RTC module,DS3231SN or DS3231 module,Maxim/Analog Devices compatible module,1,Required,Backup clock when GPS lock is unavailable,TBD,Connect through I2C
9,Storage,microSD,High-endurance microSD card,32 GB Class 10 high-endurance microSD,Samsung/SanDisk/Kingston industrial type,1,Required,Continuous waveform data storage,TBD,Use high-endurance card instead of ordinary consumer card
10,Storage,microSD,MicroSD interface,module or socket compatible with STM32 SDMMC,Generic/PCB socket,1,Required,Connect microSD card to STM32,TBD,Use SDMMC interface preferred; SPI interface acceptable for early prototype
11,Environmental,Temperature,Precision temperature sensor,TMP117AIDR or TMP117 breakout,Texas Instruments,2,Required,Measure sensor-board and backing-chamber temperature,TBD,One sensor near pressure sensor and one near backing chamber
12,Environmental,Humidity,Humidity and temperature sensor,SHT45 module,Sensirion compatible module,1,Required,Monitor enclosure humidity and condensation risk,TBD,Connect through I2C
13,Environmental,Absolute Pressure,Absolute pressure sensor,BMP390 module,Bosch Sensortec compatible module,1,Recommended,Record weather-pressure trend and system diagnostics,TBD,Do not use as primary infrasound sensor
14,Environmental,Vibration,Low-noise three-axis accelerometer,ADXL355 module,Analog Devices compatible module,1,Required,Detect vibration-induced false pressure signals,TBD,Mount firmly on sensor enclosure base
15,Environmental,Wind,Wind-speed sensor,Cup anemometer with pulse output,Generic weather sensor,1,Required,Correlate pressure noise with wind speed,TBD,Connect pulse output to STM32 timer/GPIO
16,Power Monitoring,Power Health,Voltage and current monitor,INA226 module,Texas Instruments compatible module,1,Recommended,Monitor battery voltage supply voltage and current,TBD,Connect through I2C
17,Display,Local Display,OLED status display,SSD1306 0.96 inch I2C OLED,Generic module,1,Recommended,Display pressure RMS GPS SD and system status,TBD,Keep display physically away from analog front-end board
18,Communication,USB,USB cable,USB Type-A to Micro-USB or USB-C depending on board,Generic,1,Required,Program STM32 and stream live data to laptop,TBD,Use shielded quality cable
19,Communication,Ethernet,Ethernet PHY/module,LAN8720A module or Ethernet interface,Microchip/Generic,1,Optional,Local wired network dashboard,TBD,Implement after USB dashboard is working
20,Communication,Wireless,Wi-Fi module,ESP32-C3 module,Espressif compatible module,1,Optional,Remote wireless data transfer or event alerts,TBD,Keep physically and electrically separated from analog system
21,Analog Front End,Precision Op Amp,Zero-drift precision op amp,OPA188AID,Texas Instruments,2,Required,Buffer sensor output and build analog filter,TBD,Use socket/adaptor only if prototype board requires it
22,Analog Front End,Alternative Op Amp,Precision low-noise op amp,OPA189ID,Texas Instruments,2,Optional,Alternative buffer/filter amplifier,TBD,Select either OPA188 or OPA189 after testing
23,Analog Front End,Voltage Reference,Precision voltage reference,REF5025AID,Texas Instruments,1,Required,Stable 2.5 V analog/ADC reference,TBD,Required for final custom analog/ADC board
24,Analog Front End,Analog LDO,Low-noise 3.3 V LDO,TPS7A2033PDBVR,Texas Instruments,2,Required,Clean analog supply for sensor op amp and ADC,TBD,One for analog sensor/front-end; one optional for ADC analog rail
25,Analog Front End,Filter Resistor,Precision resistor,10 kohm 0.1% metal-film,Generic precision resistor,8,Required,Active low-pass filter and analog conditioning,TBD,Confirm final values after filter simulation
26,Analog Front End,Input Protection Resistor,Precision resistor,100 ohm 0.1% metal-film,Generic precision resistor,8,Required,ADC input protection and isolation,TBD,Place near ADC input
27,Analog Front End,Input Bias Resistor,High-value resistor,1 Mohm 0.1% metal-film,Generic precision resistor,4,Required,Input bias return path,TBD,Confirm based on final ADC input configuration
28,Analog Front End,Filter Capacitor,Stable capacitor,680 nF film or C0G/NP0 where available,Generic,8,Required,Create approximately 20–25 Hz analog filtering,TBD,Verify actual cutoff with selected resistor values
29,Analog Front End,Decoupling Capacitor,100 nF X7R capacitor,0603/0805 SMD or through-hole Generic,,20,Required,IC local supply decoupling,TBD,Place close to supply pins
30,Analog Front End,Bulk Capacitor,10 uF to 22 uF low ESR capacitor,Electrolytic/tantalum/ceramic,,10,Required,Power rail stabilization,TBD,Place at regulator input/output and board entry
31,Analog Front End,Shielded Cable,Shielded twisted-pair cable,2-core shielded cable,Generic,2 m,Required,Connect remote pressure sensor to analog board,TBD,Connect shield at one controlled grounding point
32,Analog Front End,Test Points,PCB test points or pin headers,2.54 mm or SMT test points,Generic,1 set,Required,Measure sensor output filter output reference and ADC input,TBD,Include on custom board
33,Pneumatic,Backing Chamber,Rigid backing chamber,Aluminium/brass/steel chamber 1–5 cm3,Custom fabricated,1,Required,Create pneumatic reference volume,TBD,Must be airtight and mechanically rigid
34,Pneumatic,Capillary A,Micro-capillary tube,100 µm ID 20–50 mm length,Stainless steel/fused silica,1,Required,Initial higher cutoff test,TBD,Use replaceable fitting
35,Pneumatic,Capillary B,Micro-capillary tube,75 µm ID 30–70 mm length,Stainless steel/fused silica,1,Required,General frequency response test,TBD,Use replaceable fitting
36,Pneumatic,Capillary C,Micro-capillary tube,50 µm ID 50–100 mm length,Stainless steel/fused silica,1,Required,Lower frequency response test,TBD,Use replaceable fitting
37,Pneumatic,Capillary D,Micro-capillary tube,25–50 µm ID 50–150 mm length,Stainless steel/fused silica,1,Recommended,Ultra-low frequency test,TBD,Use only after verifying moisture protection
38,Pneumatic,Capillary Holder,Luer-lock or compression capillary holder,Small pneumatic fitting,Generic,2,Required,Allow rapid capillary replacement,TBD,Must remain leak-tight
39,Pneumatic,Tubing,Pneumatic tubing,3–4 mm OD PE/PTFE/PU tubing,Generic,20 m,Required,Pipe rosette and sensor pneumatic connections,TBD,Use same internal diameter and equal lengths for all rosette arms
40,Pneumatic,Central Manifold,Four-way pneumatic manifold,Airtight 4-way barbed manifold,Generic,1,Required,Combine four rosette arms into sensor inlet,TBD,Upgrade to 8-way manifold for final rosette
41,Pneumatic,Pipe Rosette,Pipe arms,Four equal-length 1–2 m tubes,Custom assembly,4,Required,Initial wind-noise-reduction interface,TBD,Ensure symmetric layout
42,Pneumatic,Inlet Mesh,Fine protective mesh,Stainless steel or nylon fine mesh,Generic,8,Required,Stop insects and debris at rosette inlets,TBD,Use one or more per rosette arm
43,Pneumatic,Hydrophobic Membrane,Waterproof breathable PTFE membrane,PTFE disc or tape,Generic,8,Required,Protect inlet from rain droplets,TBD,Do not block air/pressure transmission
44,Pneumatic,Moisture Trap,Inline moisture/condensation trap,Small pneumatic water trap,Generic,1,Required,Prevent water entering sensor,TBD,Make replaceable and inspect regularly
45,Pneumatic,Fittings,Barbed pneumatic fittings,3–4 mm tubing compatible fittings,Generic,20,Required,Connect tubing chamber sensor and manifold,TBD,Use leak-safe fittings
46,Pneumatic,Seals,O-ring assortment,Nitrile/Viton O-rings,Generic,1 kit,Required,Seal chamber and fittings,TBD,Check compatibility with chamber material
47,Pneumatic,Sealant,Neutral-cure RTV silicone,Non-corrosive RTV sealant,Generic,1 tube,Required,Seal chamber and fitting interfaces,TBD,Allow full curing before tests
48,Pneumatic,Leak Test Tool,Syringe and fitting,10–20 mL syringe with tubing connector,Generic,1,Required,Pressure/leak testing,TBD,Do not overpressure sensor
49,Power,Main Supply,12 V DC power adapter,12 V 2–3 A regulated adapter,Generic,1,Required,Laboratory power source,TBD,Use fused input
50,Power,Battery,LiFePO4 battery pack,12 V LiFePO4 battery,Generic,1,Optional,Outdoor field deployment,TBD,Add only after bench system works
51,Power,Battery Charger,LiFePO4 charger,Compatible with selected battery,Generic,1,Optional,Recharge outdoor battery,TBD,Select correct voltage/current rating
52,Power,Solar Panel,Solar panel,20–40 W 12 V panel,Generic,1,Optional,Long-term outdoor deployment,TBD,Only needed for field station
53,Power,Solar Controller,Solar charge controller,LiFePO4 compatible PWM or MPPT controller,Generic,1,Optional,Solar charging control,TBD,Match battery chemistry
54,Power,Digital Buck Converter,12 V to 5 V buck converter,5 V 3 A low-ripple converter,Generic,1,Required,Supply STM32 development board and peripherals,TBD,Keep away from analog front end
55,Power,Digital 3.3 V Regulator,3.3 V 1 A regulator,Low-noise LDO or buck-LDO combination,Generic,1,Required,Digital supply for GPS SD and sensors,TBD,Separate from analog rail
56,Power,Input Fuse,Fuse and holder,1 A slow-blow fuse,Generic,1,Required,Input power protection,TBD,Place near DC input
57,Power,Reverse Polarity Protection,P-channel MOSFET circuit or module,12 V compatible,Generic,1,Required,Protect against reverse battery connection,TBD,Required for battery operation
58,Power,TVS Protection,TVS diode,SMBJ15A or equivalent,Generic,1,Recommended,Protect input from transient surges,TBD,Place at 12 V input
59,Power,Power Switch,Panel mount SPST switch,12 V compatible,Generic,1,Required,Manual system power control,TBD,Use enclosure mounted switch
60,Enclosure,Main Enclosure,Weatherproof enclosure,IP65/IP67 250x200x120 mm minimum,Polycarbonate/aluminium,1,Required,Outdoor protection,TBD,Select size after mechanical layout
61,Enclosure,Analog Shield Box,Internal shield enclosure,Small aluminium grounded box,Generic/Custom,1,Recommended,Shield analog sensor/ADC section from digital EMI,TBD,Mount analog board inside
62,Enclosure,Cable Glands,IP-rated cable glands,M12/M16 cable glands,Generic,8,Required,Weatherproof cable entry,TBD,Select diameter based on cable/tube routing
63,Enclosure,Breathable Vent,Waterproof vent membrane,IP-rated pressure equalization vent,Generic,1,Required,Prevent enclosure pressure buildup and moisture ingress,TBD,Do not connect this vent to sensor pneumatic path
64,Enclosure,Desiccant,Silica gel packs,Rechargeable silica gel,Generic,4,Required,Reduce enclosure humidity,TBD,Use replaceable holder
65,Enclosure,Vibration Isolators,Rubber or sorbothane mounts,M3/M4 standoffs,Generic,4,Required,Reduce enclosure vibration,TBD,Mount enclosure/sensor board carefully
66,Enclosure,Fastener Kit,M3 hardware kit,Nylon and stainless-steel screws spacers nuts,Generic,1 kit,Required,Mount PCB chamber and enclosure components,TBD,Use nylon near sensitive PCB where useful
67,Calibration,Calibration Chamber,Rigid sealed chamber,0.5–2 L rigid airtight chamber,Custom fabricated,1,Required,Frequency response sensitivity and phase testing,TBD,Use metal or thick acrylic; avoid flexible walls
68,Calibration,Reference Sensor,Reference low-pressure sensor,Calibrated differential sensor or trusted reference microbarometer,,1,Required,Compare pressure output during calibration,TBD,Reference quality limits calibration quality
69,Calibration,Low Frequency Actuator,Speaker and amplifier,Low-frequency speaker plus Class-AB amplifier,,1,Required,Generate approximately 0.5–20 Hz pressure signals,TBD,Use in sealed chamber
70,Calibration,Ultra-Low Frequency Actuator,Motorized syringe/piston,Stepper motor lead screw syringe assembly,,1,Recommended,Generate approximately 0.01–1 Hz pressure signals,TBD,Better than speaker at ultra-low frequencies
71,Calibration,Signal Generator,Function generator or DDS module,Laptop software/function generator/DDS,,1,Required,Generate sine sweep and test signals,TBD,Use known frequencies and amplitudes
72,Calibration,Temperature Sensor,TMP117 module,TMP117,,1,Recommended,Monitor chamber temperature,TBD,Important for repeatable calibration
73,Calibration,Solenoid Valve,Normally closed valve,5 V or 12 V miniature pneumatic solenoid,,1,Optional,Automated calibration path,TBD,Future self-calibration implementation
74,Calibration,Valve Driver,Logic-level MOSFET driver,AO3400A or MOSFET module,,1,Optional,Drive calibration solenoid from STM32,TBD,Use flyback diode if coil valve is used
75,Tools,Multimeter,Digital multimeter,True RMS preferred,,1,Required,Voltage continuity and power debugging,TBD,Essential bench tool
76,Tools,Oscilloscope,Digital oscilloscope,Minimum 2-channel 20 MHz,,1,Required,Check analog output power ripple and SPI signals,TBD,Essential for debugging
77,Tools,Logic Analyzer,USB logic analyzer,8-channel SPI capable,,1,Recommended,Debug ADC SPI and DRDY timing,TBD,Useful for firmware integration
78,Tools,Soldering Station,Temperature controlled soldering iron,ESD safe,,1,Required,Assembly and repairs,TBD,Required if using custom boards
79,Tools,Hot Air Station,Hot air rework station,ESD safe,,1,Recommended,SMD component assembly/rework,TBD,Needed for custom ADC/MCU boards
80,Tools,Crimping Tools,Connector crimp tool,Appropriate terminal type,,1,Recommended,Robust wiring,TBD,Useful for enclosure assembly
81,Tools,3D Printing Access,FDM/resin printer access,PLA/PETG/ABS suitable,,1,Recommended,Rosette clips chamber holders and enclosure fixtures,TBD,Use PETG/ABS for outdoor fixtures
